rank,countryCode,country,tot_area_km_sq,tot_area_mi_sq,x_percent_of_world_landmass
144,AL,Albania,28748,11100,0
10,AZ,Algeria,2381741,919595,1.6
8,AR,Argentina,2780400,1073518,1.8
6,AU,Australia,7692024,2969906,5.2
115,AT,Austria,83871,32383,0.1
140,BE,Belgium,30528,11787,0
128,BA,Bosnia and Herzegovina,51209,19772,0
5,BR,Brazil,8515767,3287955,5.6
105,BG,Bulgaria,110879,42811,0.1
2,CA,Canada,9984670,3855101,6.1
3,CN,China,9706961,3747877,6.3
127,HR,Croatia,56594,21851,0
168,CY,Cyprus,9251,3572,0
118,CZ,Czechia,78865,30450,0.1
133,DK,Denmark,43094,16639,0
132,EE,Estonia,45227,17462,0
66,FI,Finland,338424,130666,0.2
49,FR,France,551695,213011,0.4
63,DE,Germany,357114,137882,0.2
97,GR,Greece,131990,50962,0.1
110,HU,Hungary,93028,35918,0.1
108,IS,Iceland,103000,39769,0.1
7,IN,India,3287590,1269345,2
15,ID,Indonesia,1904569,735358,1.2
18,IR,Iran,1648195,636371,1.1
121,IE,Ireland,70273,27133,0
73,IT,Italy,301336,116346,0.2
9,KA,Kazakhstan,2724900,1052089,1.8
125,LV,Latvia,64559,24926,0
124,LT,Lithuania,65300,25212,0
176,LU,Luxembourg,2586,998,0
208,MT,Malta,316,122,0
14,MX,Mexico,1964375,758449,1.3
139,MO,Moldova,33846,13068,0
161,MO,Montenegro,13812,5333,0
134,NL,Netherlands,41850,16158,0
76,NZ,New Zealand,270467,104428,0.2
196,MK,Northern Mariana Islands,464,179,0
69,NO,Norway,323802,125021,0.2
71,PL,Poland,312679,120726,0.2
111,PT,Portugal,92090,35556,0.1
83,RO,Romania,238391,92043,0.2
1,RU,Russia,17098242,6601665,11
113,RS,Serbia,88361,34116,0.1
130,SK,Slovakia,49037,18933,0
154,SI,Slovenia,20273,7827,0
52,ES,Spain,505992,195365,0.3
56,SE,Sweden,450295,173860,0.3
135,CH,Switzerland,41284,15940,0
37,TR,Turkey,783562,302535,0.5
45,UA,Ukraine,603500,233013,0.4
80,GB,United Kingdom,242900,93784,0.2
4,US,United States,9372610,3618783,6.1
